Nombre,Puntuacion,Comentarios
Sonesta Hotel Ibagué,"9,0",1.501 comentarios
Hotel Estelar Altamira,"8,9",1.320 comentarios
Hotel F25,"8,8",889 comentarios
FR Hotel,"8,8",988 comentarios
Casa Morales Hotel Internacional y Centro de Convenciones,"7,8",773 comentarios
Eco Star Hotel,"8,4",800 comentarios
Hotel Dann Combeima,"8,5",585 comentarios
Star AV 37 HOTEL,"8,7",240 comentarios
Hotel Doral Inn,"8,2",646 comentarios
Finca Ecoparaiso,"9,2",190 comentarios
Espectacular apto en Ibagué tolima,"8,3",40 comentarios
Apartamentos en Club Residencial,"8,7",264 comentarios
202-401PP Nuevo Apartamento Moderno y Central,"9,2",78 comentarios
Apartamento Luxury ubicado en la mejor zona comercial de la ciudad,"9,9",9 comentarios
Bunde Haus Hotel EXPRESS BOUTIQUE,"8,3",534 comentarios
El susurro del agua exclusiva - natural,"8,8",31 comentarios
Lujoso apartamento con aire acondicionado en calle 60 Ibagué Tolima,"8,4",25 comentarios
"Apartamento NUEVO, moderno e inteligente","9,6",14 comentarios
Linda Vista - Apartamento Ibague - Varsovia Club Residencial,"9,8",20 comentarios
La casona de la loma Ibague,"8,4",34 comentarios
Apartaestudio para estrenar La Quinta,"9,1",210 comentarios
AKUARELA APARTAMENTOS CAMPESTRES Ibagué,"8,3",77 comentarios
Apartamento Nuevo Excelente Ubicación Ibague,"8,6",161 comentarios
Hotel Center,"8,0",383 comentarios
Ayenda 1132 Copiclub,"6,5",558 comentarios
Apartamento Entero Ibague - Parqueadero - Nogal,"9,1",108 comentarios
Apartamento Completo Ibague - Parqueadero - Ocobo,"9,5",71 comentarios
Apartamento acogedor con Piscina Excelente Sector,"8,1",59 comentarios
Bienvenido a tu segundo hogar a dos cuadras del centro recreaciónal lagos club comfatolima,"8,7",51 comentarios
Acogedor apartamento en Ibagué 201,,
HOTEL VERANO,"8,4",354 comentarios
Aparta Estudio 2 Camas - Parqueadero para Moto - Ibagué - Ciprés,"9,0",87 comentarios
601S Penthouse moderno con Parqueo Incluido,"8,8",55 comentarios
"Moderno Apto 2HA, Central con Wifi5G","9,1",35 comentarios
El rincón de Tonella Apartamento completo muy equipado,"9,9",40 comentarios
Denier House Altos de Berlin - PARQUE DEPORTIVO,"9,6",41 comentarios
Apartamento acogedor y amplio en la mejor zona de Ibague,"9,8",4 comentarios
Paraíso House,"9,4",65 comentarios
Acogedor Apartamento,"9,5",11 comentarios
Denier House Guabinal Apto 2 41-60 AV GUABINAL,"8,9",89 comentarios
Alojamiento a 10 minutos del complejo acuático - Piscinas olímpicas de Ibagué,"9,5",4 comentarios
Apartamento Ibagué La Samaria Mirolindo,"9,8",74 comentarios
Denier House II,"8,7",9 comentarios
Apartamento 2 habitaciones en Bosque Largo - Ibagué,"9,5",46 comentarios
Primavera house - Habitaciones Full amobladas,"9,1",34 comentarios
Espectacular Apartamento Ibagué,"8,2",19 comentarios
Apartamento Conjunto Mallorca - La Samaria - Mirolindo,"9,5",45 comentarios
Casa Serena,"8,7",45 comentarios
Alojamiento Central Ibagué,"8,6",81 comentarios
501S Estilo y Confort en Ibagué,"9,2",21 comentarios
Hermoso apartamento ibagué 202 F2,"7,9",29 comentarios
Apartamento Completo Parqueadero - Ibagué - cerezo,"9,1",99 comentarios
S23 Confort,10,2 comentarios
Apartamento Lotus 203 - Cantón militar Jaime Rooke,,
Hermoso apartamento con piscina ubicado cerca a los principales centros comerciales,"8,8",29 comentarios
Denier House Guabinal 102,"8,6",5 comentarios
"EDIFICIO Niza80 IBAGUE, ACCESO DIGITAL CERCA PARQUE DEPORTIVO o coliseo, diag Caí del exito","8,6",188 comentarios
Aparta estudio en Ibagué,"8,5",73 comentarios
Apartamento con hermosa vista 502,"8,4",22 comentarios
Denier House Guabinal 203,"8,1",19 comentarios
"MANOA ""Lugar de descanso"" HABITACION CON VISTA A LA CIUDAD, FRESCO Y VENTILADO","8,7",225 comentarios
Hermoso Apartamento Entero - Parqueadero - Ibague - Roble,"9,3",164 comentarios
Apartamento en Ibague,"8,2",15 comentarios
Hermoso Apartamento ibague 401 F1,"8,3",74 comentarios
Hostel Brisas del Nevado,"9,4",149 comentarios
Apartaestudio Con Entrada Independiente,"9,0",39 comentarios
Hotel Cadiz IN,"7,0",7 comentarios
Hotel vizion,"9,7",3 comentarios
Habitación Coliving Marce Ibagué,,
Fontana campestre,"8,5",13 comentarios
HOTEL IGUAIMA,"9,3",75 comentarios
Moderno y acogedor apartamento en Ibague,"9,5",15 comentarios
Hotel Bolivariano,"8,3",226 comentarios
Hospedaje Marina - 302,"9,7",6 comentarios
Denier House II 202,"8,0",3 comentarios
Apartamento vacacional con piscina y parqueadero,"8,7",25 comentarios
Coliving7 Aparta Hotel & Habitaciones,"8,7",35 comentarios
Apartaestudios cerca centros comerciales,"9,8",4 comentarios
Aparta- Estudio Amoblado,"9,4",45 comentarios
Apartamento con parqueadero y piscina,"9,0",77 comentarios
"Apartamento Con Entrada independiente, 2 Habitaciones y 1 Baño","9,6",17 comentarios
Excelente Apartamento Familiar en Sector Residencial,"9,5",9 comentarios
Apartamento moderno en el icónico edificio M30,"9,5",2 comentarios
Hermoso Apartamento Ibague 102 Fontana 2,"9,2",25 comentarios
Piedra Alcala,10,2 comentarios
Casa Mantra,"8,8",6 comentarios
Penthouse en exclusivo sector de la ciudad,10,2 comentarios
Apartamento Familiar con ubicación estratégica,"9,8",11 comentarios
Lindos apartaestudios y habitaciones en Ibague,"8,7",87 comentarios
Hotel Arboleda de Cádiz,"8,9",51 comentarios
Apartamento LONDRES 305 Edificio Torres de Barlovento Ibagué,"7,2",46 comentarios
Denier House Guabinal Apto 1,"9,0",36 comentarios
201PP Tu Refugio Perfecto en Ibagué Confort y Estilo,"9,6",12 comentarios
City Star,"8,5",166 comentarios
City House Group Girona,10,2 comentarios
Hotel Kenisoni,"7,9",7 comentarios
Apartamento a 10 min centro de Ibagué 201 - Cantón militar Jaime Rooke,"8,8",5 comentarios
Torreon varsovia etapa 2,,
Casa Blanca,"9,4",25 comentarios
Tu Espacio en Ibague,"8,8",4 comentarios
Ibague cowork,"9,3",3 comentarios
Casa Flórez Hotel Campestre,"9,4",24 comentarios
Apartamento Nuevo Hermosa Vista,"9,5",46 comentarios
Fardo Hotel Boutique en Ibague - Zona G - Recepción Digital 24H,"5,7",124 comentarios
Habitaciones en Acogedora estancia en pleno centro de Ibagué,"8,8",13 comentarios
202S Encantador apartamento para ti!,"9,1",50 comentarios
HERMOSO Apartamento Ibague 301 F1,"9,0",35 comentarios
Apartamento Noveno Cielo,"8,6",9 comentarios
J79 Apartamentos - Cerca al Parque Deportivo -Pista BMX- Pista Patinaje Velocidad - Coliseo Mayor - Complejo Acuático - Estadio Alterno,"8,8",24 comentarios
Hermoso apartamento 501 Ibagué,"8,6",16 comentarios
WAIKI APARTAMENTOS IBAGUE well located and modern,"8,6",268 comentarios
202-Cómodo y moderno apartamento de 2 habitaciones en la mejor zona céntrica de Ibagué,"9,1",58 comentarios
casa de campo el rincón del paraíso,"9,1",7 comentarios
S91 apartamento,"6,7",10 comentarios
302 Bonito Apartamento para 3 Excelente precio y ubicacion,"9,3",27 comentarios
Apartamento campestre 101,"9,2",47 comentarios
Quinta Isabel,10,2 comentarios
Montano apartamento Ibagué,"9,1",12 comentarios
Spectacular 2-Bedroom Apartment,"9,0",1 comentario
Exelente Aparta-Estudio,,
"El Dorado, Apartamento con piscina y parqueadero","9,4",8 comentarios
Hotel Imperio,"8,5",2 comentarios
"Ibague, Apartamento amoblado, cómodo y bien ubicado cerca al centro comercial la estación","9,1",47 comentarios
S91 eco,,
Apartamento Aboleda Campestre,"8,6",41 comentarios
Cal Bed & Breakfast Ibague,"9,3",254 comentarios
Relax,,
Acogedor apartamento con vista,"9,6",15 comentarios
ANTONIA Hotel Autónomo en Ibagué - Recepción Digital 24H,"7,1",37 comentarios
Apto completo en Edif. Merlot-Cerca al WT.Center,"9,2",56 comentarios
Casa Alma Tierra in Ibagué,"8,9",9 comentarios
Habitación Privada,"9,2",32 comentarios
Apartamento 301 Edificio Natura 54,,
Hermoso apartamento en Jardín Acacias,10,2 comentarios
Apartamento Ibagué,"9,3",17 comentarios
Apartamento campestre 202,"9,0",5 comentarios
202 Bonito Apartamento para 3 personas,"8,5",29 comentarios
Apartamento con vista a las Montañas,"7,8",8 comentarios
Hermoso Apartamento Nuevo con Excelente Vista,"8,2",34 comentarios
201 Bonito apto para 4 personas Excelente Precio,"9,0",27 comentarios
Moderno y Acogedor apartamento en Ibague 201,"9,5",8 comentarios
Oasis Moderno Apartamento Cómodo y Acogedor,"9,3",3 comentarios
"Apartamento en Ibagué, Tolima",,
Villa Bonita,"9,0",1 comentario
Apartaestudio central en Conjunto residencial,"9,8",11 comentarios
S91 Apartamento,10,1 comentario
HOTEL DEPARTAMENTAL,"7,8",41 comentarios
302PP Lujo y confort en el corazón de la ciudad,"8,5",9 comentarios
La Piedra Pintada de los Muiscas,"9,3",11 comentarios
Eleva tu Estadía: Apartamento Moderno con Toques Únicos en la Mejor Ubicación Ibague - Tolima,"9,1",27 comentarios
Estadía Familiar,"8,9",12 comentarios
Neón Apartaestudios Autónomos - Recepción Digital 24H,,
BORA - Apto 101Tu espacio fuera de casa,"8,5",108 comentarios
Lindo Apartamento central Ibague,"5,7",9 comentarios
"Apartaestudio en a Milla de oro, restaurantes, Centros comerciales, clínica Keralty","9,3",20 comentarios
El susurro del agua casa blanca exclusiva natural,,
Apartamento amoblado,"8,2",5 comentarios
Apartamento Zona Centro,,
Apto central Tranquilo y hermosa vista,,
Hospedaje Marina - 301,"9,3",4 comentarios
Aparta Estudio Completo - Ibagué - parqueadero para MOTO - Bambú,"9,2",81 comentarios
"Acogedor, tranquilo","9,3",43 comentarios
El Guadual Casa Campestre,"9,6",5 comentarios
RIYA Tesoro de la Montaña - Cabaña Annie,,
Hospedaje Rural Tupinamba,"9,1",122 comentarios
montecarlos hotel,"7,0",73 comentarios
Habitación Cómoda en Familia,"9,6",25 comentarios
Apartamento Central,"8,8",10 comentarios
Mi hogar en Ibagué,10,5 comentarios
"Hotel Hábitat Campestre ""cerca al Parque deportivo""","7,6",5 comentarios
Casa El Cedral Hospedaje,"9,3",20 comentarios
Hotel STATION 23,"8,6",34 comentarios
Mallorca Samaria Apartment,"8,0",1 comentario
Aparta estudio 101 primer piso,"9,6",29 comentarios
Apartamento a 10 min centro de Ibagué - Canton militar Jaime Rooke,10,2 comentarios
Glamping Ibanazk,"9,4",6 comentarios
APTO FAMILIAR La POLA 2 ALCOBAS,"9,8",6 comentarios
Beautiful Cozy House - Hermosa Casa Acogedora,10,1 comentario
Animadbali,"7,0",3 comentarios
Quinta Villanueva,10,1 comentario
Tierra de Ensueño Glamping,,
Acogedor Apartamento Arboleda del Campestre,"8,1",12 comentarios
Hermoso Apartamento Ibague 101 F1,"3,2",8 comentarios
Moderno Apartaestudio Super Ubicado,"9,1",12 comentarios
Aima Ibagué,"9,6",39 comentarios
Top18,"7,6",5 comentarios
302-Cómodo y moderno apartamento de 2 habitaciones en la mejor zona céntrica de Ibagué,"9,5",68 comentarios
Guayacán Casa Hostal,"9,8",6 comentarios
301-Cómodo y moderno apartamento de 2 habitaciones en la mejor zona céntrica de ibagué,"9,3",11 comentarios
Apartaestudio ROMA 402 Edificio Europa Ibagué,"8,7",54 comentarios
Lindos Apartamentos Central jch restrepo,"9,4",45 comentarios
Apartamento Wakari- Ibagué- Cerca del Parque Deportivo,"9,8",16 comentarios
APTO 201 Cerca al Centro Comercial Estacion,,
Encantador Apartamento,"7,2",4 comentarios
Apto lujoso con parqueadero en la calle 60-Ibagué,"6,7",8 comentarios
Nuevo Apartamento Moderno con Excelente Ubicación,"8,4",74 comentarios
Apartamento vacacional con parqueadero y piscina,"5,0",2 comentarios
Apartamento Turismo en Ibagué ESMERALDA,10,3 comentarios
Apartamentomilladeoro,,
Villa chava,"8,2",16 comentarios
201-Cómodo y moderno apartamento de 2 habitaciones en la mejor zona céntrica de ibagué,"9,1",49 comentarios
Loft en el corazón de la ciudad,"9,0",3 comentarios
Alojamiento campestre Juanita Bonita,10,1 comentario
Villa Ester Hostel Vereda Cay,"8,9",95 comentarios
Espectacular Apartamento para estrenar!,10,1 comentario
Aparta estudió independiente cerca a la concha acústica (central),"1,0",1 comentario
Full apartment near sports venues,10,4 comentarios
Cabaña Ayni,,
Villa chava mesanine,10,1 comentario
Apartamento en la Samaria - Ibagué,"9,6",26 comentarios
"G1 Village - Cabaña Modular Campestre con Piscina - Recepción Digital 24H - Vereda Aparco, Ibagué","9,0",4 comentarios
Hotel Boutique Copiclub,"1,0",1 comentario
apartamento en ibague 302,"1,0",1 comentario
Hermoso Apartamento Ibagué 402 F1,"8,7",17 comentarios
Apartaestudio IBIZA 401 Edificio Europa Ibagué,"8,8",53 comentarios
"Central, mejor clima, campestre en Calambeo, a 5 minutos de la vida cultural",,
Glamping Akaya,"8,6",18 comentarios
301S Design & Comfort in Ibagué,"5,0",1 comentario
"Alojamiento para grupos 16 personas, unico precio",,
Long forest 9404,"9,0",1 comentario
Exclusiva Casa Quinta Campestre,10,1 comentario
Acogedor apartamento en ibague 403,"5,0",1 comentario
Cabaña de 3 Habitaciones Con Jacuzzi de Agua Natural Max 6 Personas,,
La Esmeralda entre Montañas,,
Villa Tokyo,10,1 comentario
La mejor experiencia: ubicación y comodidad,"8,8",5 comentarios
Apto de lujo de 3 habitaciones en el piso 16 con piscina,,
Cabaña Canto de las Aguas Cañón del Combeima,10,1 comentario
El Dorado Hotel - Ibagué,,
Apartamento en Ibagué 204 - Cantón militar Jaime Rooke,,
Apartment with a beautiful view,,
El Guadual Glamping,"1,0",1 comentario
Casa Campestre la casona de la loma,,
Apartamento Relax,"1,0",2 comentarios
AAMPLIO y ACOGEDOR APARTAMENTO EN PLENO CENTRO DE IBAGUÉ,"9,0",4 comentarios
RIYA Tesoro de la montaña Cabaña Armonia,10,2 comentarios
Acogedor y Agradable Apartaestudio en Campus 67,"9,4",6 comentarios
Espectacular Apartamento Moderno,,
Cabañas Viva Mexico,,
Luxury Apartment in Ibague N°2,,
Excellent studio apartment!,10,1 comentario
Apartamento campestre 102,"7,4",5 comentarios
Apartamento Ibague,,
Apartamento vacacional Ibagué,"5,3",11 comentarios
Olimpo Estadía IBAGUÉ,"9,1",11 comentarios
Casa al lado de Multicentro,,
Quinto nivel,10,2 comentarios
apartamento campestre 201,"8,5",6 comentarios
502S Style and Modern in Ibagué,10,1 comentario
Manaju - Finca Campestre y Glamping,,
NEÓN TOLIMA - Hotel en Zona Centro de Ibagué - Recepción y Atención Digital 24H,"1,0",1 comentario
Luxury Apartment in Ibague,,
Casa Turística Don Juan,,
La Esmeralda Entre las Montañas,,
Casita del bosque,"7,5",2 comentarios
El portal de Bariloche,10,1 comentario
Hotel casa reina,,
La Casa De Los Sueños Colombia Hostel Campestre Temático Ancestral,10,2 comentarios
ColivingVictoriaibagué,"1,0",1 comentario
Apartamento Amoblado en Ibagué,"9,0",43 comentarios
